dish_name,amount,count,average
bisi bele bath,0,0,0
margherita pizza,0,0,0
penne,23,9,2.5555555555555554
carbonara spaghetti,0,0,0
olive green,0,0,0
grilled octopus,29,7,4.142857142857143
red chili,293,80,3.6625
meat tender,17,5,3.4
asti,9008,2456,3.6677524429967425
pani puri,0,0,0
margaritas,161,44,3.659090909090909
amatriciana,0,0,0
braised abalone,14,3,4.666666666666667
van buren,5,2,2.5
milk chocolate,8,2,4.0
abbacchio brodettato,0,0,0
pulled pork,99,24,4.125
cream cheese,1042,314,3.3184713375796178
ice cream sandwich,8,2,4.0
cannelloni,0,0,0
kabob beef,0,0,0
shankarpali,0,0,0
samose,0,0,0
machher jhol,0,0,0
basil,1104,282,3.9148936170212765
tonno sott'olio,0,0,0
rat pack,0,0,0
moroccan tea,0,0,0
meat gyro,0,0,0
horioh maas,0,0,0
pot roast,18,6,3.0
gluten free,376,95,3.957894736842105
aloo ki tikki,0,0,0
la scala,0,0,0
stigghiola,0,0,0
general tso's chicken,1077,311,3.463022508038585
snails,23,8,2.875
sour cream and guacamole,0,0,0
keerai sadam,0,0,0
nandu omelette,0,0,0
fondue,116,28,4.142857142857143
keerai poriyal,0,0,0
the indian sampler,0,0,0
curried braised rabbit stew,0,0,0
marzolino,0,0,0
botargo,0,0,0
gatta curry,0,0,0
chitranna,0,0,0
fragole,0,0,0
kesar petha,0,0,0
trofie al sugo di noci,0,0,0
spaghetti alla chitarra,0,0,0
sauvignon blanc,9,2,4.5
charred eggplant,0,0,0
pizza margherita,0,0,0
merguez,0,0,0
kumol sawul,0,0,0
refosco dal peduncolo rosso,0,0,0
braciole,0,0,0
lobster bisque,8,2,4.0
carnitas tacos,92,29,3.1724137931034484
of the hummus,0,0,0
aloo paratha,0,0,0
shondesh,0,0,0
risotto ai gamberoni,0,0,0
masala puri,0,0,0
chen wok,59,19,3.1052631578947367
long island,59,16,3.6875
pub crawl,0,0,0
bhakri,0,0,0
tandoori chicken,0,0,0
filetti di baccal√,0,0,0
panipuri,0,0,0
shopping mall,45,13,3.4615384615384617
cake chocolate,0,0,0
absolutely fabulous,23,5,4.6
leaves stuffed,0,0,0
feta fries,0,0,0
lazy susan,127,35,3.6285714285714286
chow mein,3289,970,3.390721649484536
parmesan,34,12,2.8333333333333335
kulcha,0,0,0
regular noodles,47,12,3.9166666666666665
alba,50,17,2.9411764705882355
bow tie,21,5,4.2
seppioline in umido,0,0,0
valle di arbia,0,0,0
calamaretti fritti,0,0,0
dudhi no halwo,0,0,0
beef tongue,113,29,3.896551724137931
ricotta affumicata,0,0,0
neer dosa,0,0,0
heart attack,20,6,3.3333333333333335
falafel pita,0,0,0
moroccan pastry,0,0,0
thengai sadam,0,0,0
baccala,0,0,0
bharwein karela,0,0,0
xiaolongbao,24,8,3.0
kabob,58,14,4.142857142857143
risotto con la l√ºganega,0,0,0
clam chowder,23,6,3.8333333333333335
xo sauce,468,121,3.8677685950413223
white bread,20,5,4.0
speck,7,4,1.75
style dim,45,13,3.4615384615384617
cipolla,0,0,0
acquadella o latterino fritto,0,0,0
honey walnut,1007,267,3.7715355805243447
gobi manchurian,5,1,5.0
italian sausage,12,4,3.0
pork ribs,274,78,3.5128205128205128
rock candy,5,1,5.0
ghever,0,0,0
cheese,2577,744,3.463709677419355
dum aloo,0,0,0
security guard,32,11,2.909090909090909
chicken rice,330,91,3.6263736263736264
olive spread,0,0,0
litti chokha,0,0,0
methi saag,0,0,0
sun city,34,12,2.8333333333333335
tartare tuna,0,0,0
buffet,6950,2157,3.2220676866017617
strudel,14,3,4.666666666666667
grancevola alla veneziana,0,0,0
sarde a beccafico,0,0,0
tsao's chicken,115,33,3.484848484848485
baba,16,4,4.0
montasio,0,0,0
lard,108,32,3.375
slow food,5,2,2.5
formadi fr√¢nt e formadi salat,0,0,0
peking duck,1068,268,3.985074626865672
bharwaan baigan,0,0,0
kobe beef,415,102,4.068627450980392
gobhi paratha,0,0,0
garlic dip,4,1,4.0
ravioli butternut,0,0,0
bajri no rotlo,0,0,0
latteria,0,0,0
tumazzu,0,0,0
wonton strips,77,22,3.5
jose cuervo,0,0,0
sweet roll,5,2,2.5
biga,0,0,0
gattinara,0,0,0
salad feta,0,0,0
soy milk,244,71,3.436619718309859
risotto allo zafferano con petto danatra,0,0,0
piacentinu,0,0,0
shish kabob,10,2,5.0
taj mahal,0,0,0
anguilla marinata,0,0,0
south india,8,2,4.0
violino valtell,0,0,0
pizza romana,0,0,0
sweet potato,277,71,3.9014084507042255
basil butter,0,0,0
pea puree,5,1,5.0
asiago,0,0,0
lardo,5,1,5.0
funghi,0,0,0
khichdi,0,0,0
mutton biryani,0,0,0
anchovies,25,7,3.5714285714285716
copra paak,0,0,0
rice noodles,1176,320,3.675
sev mamra,0,0,0
great dane,0,0,0
linguine,75,19,3.9473684210526314
chick fil a,5,1,5.0
greek yogurt labneh,0,0,0
dean martin,0,0,0
cash money,0,0,0
rasmalai,0,0,0
ros omelette,0,0,0
rice koobideh,0,0,0
sticky rice,902,234,3.8547008547008548
egg foo young,900,254,3.543307086614173
chapathi,0,0,0
kabob lula,0,0,0
acciughe fritte in pastella,0,0,0
slattato,0,0,0
cool spot,6,2,3.0
baccal√† alla vicentina,0,0,0
guilty pleasure,112,31,3.6129032258064515
canestrato pugliese,0,0,0
chinese chicken salad,89,24,3.7083333333333335
bajji,0,0,0
coda alla vaccinara,0,0,0
biscotti,0,0,0
mushroom matar,0,0,0
samosa,28,6,4.666666666666667
tortilla flat,0,0,0
beef rice,98,31,3.161290322580645
dimsum,598,177,3.378531073446328
indian cuisine,20,5,4.0
agghiotta di lumache,0,0,0
the chicken kabob was,0,0,0
customer experience,9,5,1.8
dosa,0,0,0
beef ground,0,0,0
al pastor,62,18,3.4444444444444446
rigatoni al forno con salsa aurora,0,0,0
sciusceddu,0,0,0
shaved ice,546,125,4.368
mac and cheese,11,3,3.6666666666666665
lemon,2574,709,3.6304654442877293
upma,7,2,3.5
tagliatelle ai carciofi,0,0,0
olive,113,41,2.7560975609756095
filet,639,163,3.920245398773006
fine print,15,5,3.0
malloreddus,0,0,0
american cheese,1,1,1.0
katha meetha petha,0,0,0
onion,3830,1093,3.5041171088746568
pakhala,0,0,0
spaghetti all' aglio,0,0,0
mathura ke pede,0,0,0
vanilla ice cream,72,17,4.235294117647059
poriyal,0,0,0
coca cola,31,9,3.4444444444444446
ai frutti di mare,0,0,0
olive tapenade,6,2,3.0
red rice,146,42,3.4761904761904763
monte veronese,0,0,0
pest√¢t,0,0,0
primo sale,0,0,0
benne dosa,0,0,0
strucoli or strudel,0,0,0
french bread,56,14,4.0
sandwich,1072,309,3.469255663430421
moddizzosu,0,0,0
spumante brut,0,0,0
salad bar,246,73,3.3698630136986303
vadai,0,0,0
pizza ai quattro formaggi,0,0,0
strozzapreti,0,0,0
mashed potato,129,36,3.5833333333333335
tahini spread,0,0,0
thai curry,130,36,3.611111111111111
dabeli,0,0,0
glazed chicken lavosh pizza,0,0,0
sauce garlic,0,0,0
michetta,0,0,0
tazzelenghe,0,0,0
cashew chicken,721,216,3.337962962962963
tandoor bread,0,0,0
hospitality industry,0,0,0
rose water,0,0,0
chhenagaja,0,0,0
punugulu,0,0,0
soda fountain,95,28,3.392857142857143
riso,614,181,3.3922651933701657
flank steak,37,11,3.3636363636363638
bucatini,0,0,0
kaara kozhambu,0,0,0
grilled vegetables,21,5,4.2
patate e cozze,0,0,0
kori rotti,0,0,0
rice meat,0,0,0
hummus pita,0,0,0
caciocavallo,0,0,0
bonda,0,0,0
carema riserva,0,0,0
table wine,0,0,0
peperoni,0,0,0
chongqing specify deep-fried chicken,0,0,0
scrambled eggs,76,25,3.04
fusilli,0,0,0
tiramis√π,0,0,0
the gai lan,31,9,3.4444444444444446
grand marnier,8,2,4.0
alambre,0,0,0
cevapcici,0,0,0
bhelpuri,0,0,0
calamari in zimino,0,0,0
gyro greek,0,0,0
pane carasau,0,0,0
mad men,11,3,3.6666666666666665
dungeness crab,96,25,3.84
pinzimonio,0,0,0
carpaccio beef,0,0,0
sardele in saor,0,0,0
pita,541,152,3.5592105263157894
clam sauce,4,1,4.0
more frequently,32,9,3.5555555555555554
english muffin,10,4,2.5
el paso,0,0,0
red velvet cake,43,10,4.3
tortelloni alla zucca,0,0,0
brown rice,1736,483,3.5942028985507246
bowl of salsa,5,2,2.5
food court,376,137,2.7445255474452557
sesame seed,273,77,3.5454545454545454
south indian cuisine,0,0,0
cassata siciliana,0,0,0
kuzhakkattai,0,0,0
basundi,0,0,0
colli etruria centrale,0,0,0
corn tortilla,61,17,3.588235294117647
oregano,32,10,3.2
testarolo,0,0,0
thyme,2,1,2.0
dum aaloo,0,0,0
goulash or gulash,0,0,0
hard boiled egg,30,9,3.3333333333333335
double ka meetha,0,0,0
melanzane,0,0,0
rajma,0,0,0
namkeen,0,0,0
light rail,115,29,3.9655172413793105
risotto with saffron,0,0,0
nipozzano,0,0,0
vezione verro,0,0,0
baccala fritto,0,0,0
general chicken,238,73,3.26027397260274
papri chaat,0,0,0
bachelorette party,138,34,4.0588235294117645
malaysian cuisine,83,21,3.9523809523809526
mexican food,667,205,3.2536585365853656
pane di genzano,0,0,0
kebab,14,4,3.5
pattor,0,0,0
prosciutto crudo,0,0,0
shiro,9,2,4.5
sarde con origano e pane,0,0,0
risotto al cavolfiore,0,0,0
potato chips,14,4,3.5
beef chow fun,1009,273,3.695970695970696
gubana,0,0,0
basil onion,0,0,0
malpua,0,0,0
koottu,0,0,0
montalcino,0,0,0
health food,21,6,3.5
air-dried salted beef,0,0,0
wheat upma,0,0,0
chinese cuisine,955,253,3.774703557312253
falafel,6,2,3.0
banana leaf,60,16,3.75
olives tapenade,0,0,0
lilva kachori,0,0,0
basilico,0,0,0
tzatziki sauce,0,0,0
apple pie,38,13,2.923076923076923
lamb,1588,409,3.882640586797066
sformato al basilico,0,0,0
cappellini,0,0,0
bagna cauda,0,0,0
carciofi,0,0,0
vegetable jalfrezi,0,0,0
zoes feta,0,0,0
god forbid,12,4,3.0
extra virgin olive oil,0,0,0
bubble tea,123,34,3.6176470588235294
carpaccio polenta,0,0,0
paneer butter masala,0,0,0
agghiotta di pesce spada,0,0,0
scampi lentil,0,0,0
torta caprese,0,0,0
sabudana khichadi,0,0,0
tiella di riso, patate e cozze,0,0,0
wine bottle,0,0,0
lobster tail,60,17,3.5294117647058822
pizza quattro formaggi,0,0,0
spinaci,0,0,0
fruit preserves made with vinegar,0,0,0
kabobs,46,11,4.181818181818182
cacciatore,0,0,0
eliche,0,0,0
panda express,3353,1144,2.930944055944056
rongi,0,0,0
wine tasting,2,1,2.0
san gabriel,168,51,3.2941176470588234
pizza quattro stagioni,0,0,0
tagliatelle al pomodoro,0,0,0
alici marinate,0,0,0
chaat,0,0,0
khar,31,8,3.875
chili parotha,0,0,0
missultin e polenta,0,0,0
karela bharta,0,0,0
muffuletta,0,0,0
mishti chholar dal,0,0,0
tomatoes onions,0,0,0
torgiano,0,0,0
formai de mut dellalta valle brembana,0,0,0
poha,0,0,0
lentil soup,5,1,5.0
iced tea,1029,286,3.597902097902098
mushroom do pyaza,0,0,0
chiacchiere,0,0,0
sev khamani,0,0,0
paneer tikka,0,0,0
breadsticks,7,2,3.5
stracchino,0,0,0
pesto,53,12,4.416666666666667
white sauce,121,34,3.5588235294117645
zongzi,5,1,5.0
carbonara,4,1,4.0
corn starch,113,41,2.7560975609756095
ritz carlton,5,1,5.0
ricotta rifatta,0,0,0
hummus dip,0,0,0
konir dom,0,0,0
strangozzi,0,0,0
caramelized onions,4,1,4.0
dal,2270,641,3.5413416536661466
profiterole,5,1,5.0
parmigiano reggiano,0,0,0
mole chicken,3,1,3.0
dulce de leche shake,0,0,0
pizza with mushroom and sausage,0,0,0
casu modde,0,0,0
perciatelli,0,0,0
gheela pitha,0,0,0
mother india,0,0,0
mint,507,128,3.9609375
truffle cheese,0,0,0
truffle mashed,0,0,0
cappelletti,0,0,0
castelmagno,0,0,0
biscuit tortoni,0,0,0
cast iron,33,10,3.3
oltrep√≤ pavese,0,0,0
kitchen sink,10,3,3.3333333333333335
insalata caprese,0,0,0
sin city,168,46,3.652173913043478
sarson da saag,0,0,0
solopaca,0,0,0
falafel hummus,0,0,0
murena fritta,0,0,0
puli sadam,0,0,0
ragi mudhe,0,0,0
green bean,1599,415,3.853012048192771
penne all arrabbiata,0,0,0
agliata,0,0,0
pea pureesweet,0,0,0
fried small mozzarellas,0,0,0
medicine man,0,0,0
chole bhatura,0,0,0
emmer,0,0,0
pizza siciliana,0,0,0
super bowl,10,4,2.5
butternut tortelli,0,0,0
soppressata,0,0,0
formadi fr√¢nt e formadi sal√¢t,0,0,0
sardine marinate,0,0,0
baba ganoush,0,0,0
barolo,0,0,0
truffle,316,75,4.213333333333333
mexico city,5,1,5.0
ennai kathirikkai,0,0,0
spicy salsa,23,6,3.8333333333333335
the orange chicken,2626,755,3.4781456953642382
ponganalu,0,0,0
baccal√,0,0,0
trofie,0,0,0
calamintha nepeta,0,0,0
val di cornia,0,0,0
akki rotti,0,0,0
won ton and,35,11,3.1818181818181817
home run,79,20,3.95
salted cod,0,0,0
the chicken shawarma,0,0,0
rigatoni,4,1,4.0
bardolino,0,0,0
street food,124,34,3.6470588235294117
piselli,0,0,0
caprese,4,1,4.0
butternut squash,9,2,4.5
mantou,14,4,3.5
molasses bbq,0,0,0
moroccan couscous,0,0,0
creme brule,112,30,3.7333333333333334
toma,2684,876,3.0639269406392695
hot pot,1381,362,3.814917127071823
gavvalu,0,0,0
braised pork shoulder,0,0,0
sarde grigliate,0,0,0
guacamole,335,107,3.130841121495327
varuval,0,0,0
ground beef,33,9,3.6666666666666665
goja,0,0,0
bucatini all'amatriciana,0,0,0
mozzarella and onions,0,0,0
romaine lettuce,18,9,2.0
of garlic,274,77,3.5584415584415585
mu shu pork,167,47,3.5531914893617023
mgm grand,54,14,3.857142857142857
cable car,0,0,0
herbed feta dip,0,0,0
california pizza kitchen,5,2,2.5
sesame seeds,205,60,3.4166666666666665
prix fixe,73,21,3.4761904761904763
rice basmati,0,0,0
freshly squeezed,22,5,4.4
smoked salmon,28,8,3.5
balsamic vinegar,8,3,2.6666666666666665
bolgheri,0,0,0
pane di altamura,0,0,0
pindi chana,0,0,0
jasmine tea,277,72,3.8472222222222223
strascinati,0,0,0
pasta al pesto,0,0,0
capicollo,0,0,0
prezzemolo,0,0,0
winter melon,77,20,3.85
truffle roasted,5,1,5.0
service stars,0,0,0
negroamaro,0,0,0
asparagi,0,0,0
malga,4,1,4.0
juvar no rotlo,0,0,0
pav bhaji,0,0,0
pizza hut,41,14,2.9285714285714284
deep fried shrimp,85,24,3.5416666666666665
chicory,0,0,0
spring training,35,9,3.888888888888889
aappam,0,0,0
focaccia,0,0,0
cirque du soleil,26,7,3.7142857142857144
sesame chicken,1889,540,3.498148148148148
paglia e fieno,0,0,0
paccheri,0,0,0
struffoli,0,0,0
bilahi maas,0,0,0
basmati rice,4,1,4.0
filet koobideh,0,0,0
steak tartare,0,0,0
minestra di ceci,0,0,0
buffalo wings,30,7,4.285714285714286
hummus plate,0,0,0
grumello,0,0,0
marille,0,0,0
bresaola,0,0,0
azteca soup,0,0,0
sakkara pongal,0,0,0
and pickles,4,1,4.0
involtini di pesce,0,0,0
chili sauce,950,257,3.6964980544747084
garlic,5116,1351,3.786824574389341
undhiyu,0,0,0
risotto alla marinara,0,0,0
assembly line,13,4,3.25
currivepillai sadam,0,0,0
california roll,298,92,3.239130434782609
chikkolee,0,0,0
scallops sea,0,0,0
dive bar,86,25,3.44
pork,18692,5138,3.637991436356559
dobos of trieste,0,0,0
japanese food,209,61,3.4262295081967213
cornish hen,5,2,2.5
italian margarita,0,0,0
makka poha,0,0,0
asparagi bianchi e verdi,0,0,0
puzzone di moena,0,0,0
mortadella,0,0,0
lacryma cristi,0,0,0
tzatziki,0,0,0
date night,308,76,4.052631578947368
culatello,0,0,0
acqua pazza,0,0,0
casecc,0,0,0
white cut chicken,1,1,1.0
paratha,0,0,0
mirchi bajji,0,0,0
chocolate syrup,24,6,4.0
lamian,5,1,5.0
shark fin soup,109,33,3.303030303030303
kesari,0,0,0
appam,0,0,0
tagliatelle ai funghi,0,0,0
deer valley,36,10,3.6
tagliarini,0,0,0
payasam,0,0,0
hot chocolate,19,5,3.8
fettucine alfredo,0,0,0
strawberries,229,57,4.017543859649122
monte re,0,0,0
cotechino friulano or muset,0,0,0
crop circle,0,0,0
hors d'oeuvres,0,0,0
beef,22921,6268,3.6568283343969368
cucumber,1459,381,3.8293963254593177
saffron rice,0,0,0
cannelloni ai carciofi,0,0,0
tortano,0,0,0
green chile sauce,0,0,0
anguilla,0,0,0
buccellato,0,0,0
fragguno,0,0,0
fried dough,93,27,3.4444444444444446
tikona,0,0,0
dumplings the,97,25,3.88
amritsari fish,0,0,0
strolghino,0,0,0
wolfgang puck,14,8,1.75
ziti,0,0,0
the polenta,0,0,0
and a lemon,13,3,4.333333333333333
debit card,52,23,2.260869565217391
water feature,9,3,3.0
asino,2780,798,3.4837092731829573
home depot,29,9,3.2222222222222223
french bean aloo,0,0,0
bread tapenade,0,0,0
lenticchie,0,0,0
crab beignets,0,0,0
calamari,1462,404,3.618811881188119
pakwan,0,0,0
sushi rolls,655,177,3.7005649717514126
puri,56,14,4.0
tenga doi,0,0,0
deep fried,1537,443,3.469525959367946
mexican flag,5,1,5.0
wheat pita,0,0,0
risotto allo zafferano con petto d'anatra,0,0,0
golden corral,7,2,3.5
peanut sauce,491,135,3.637037037037037
pathiri,0,0,0
salad lettuce,0,0,0
chinese food,19959,5542,3.6014074341393
luchi,0,0,0
garden salad,19,5,3.8
ossobuco,8,2,4.0
nebbiolo,0,0,0
santa monica,7,2,3.5
baby food,1,1,1.0
char siu,352,100,3.52
puran poli,0,0,0
honey,2969,792,3.7487373737373737
whipped cream,53,13,4.076923076923077
fruits,288,80,3.6
grand canal,5,1,5.0
riso tonnato,0,0,0
chingri malai curry,0,0,0
prosciutto affumicato,0,0,0
tapenade bread,0,0,0
food critic,57,16,3.5625
falerno del massico,0,0,0
mysore pak,0,0,0
rye bread,0,0,0
mussels,278,76,3.6578947368421053
bay leaves,4,1,4.0
trebbiano,0,0,0
mus√®t,0,0,0
sierra nevada,1,1,1.0
dolma,0,0,0
sugo al pomodoro,0,0,0
designated driver,3,1,3.0
bhatoora,0,0,0
friulano,0,0,0
coconut milk,306,78,3.923076923076923
kick ass,33,11,3.0
corn dog,19,5,3.8
pita bread,5,2,2.5
montepulciano d'abruzzo,0,0,0
salmon,1034,295,3.5050847457627117
miso soup,402,117,3.4358974358974357
olives carpaccio,0,0,0
tourist trap,42,18,2.3333333333333335
spinach salad,32,8,4.0
dal makhani,0,0,0
mason jar,0,0,0
chimichanga,0,0,0
planet hollywood,208,59,3.5254237288135593
fish tank,505,155,3.2580645161290325
dried fruit,4,1,4.0
aloo matar,0,0,0
pesce spada,0,0,0
risotto di seppie alla veneziana,0,0,0
prosciutto flat,0,0,0
spaghetti al nero di seppia,0,0,0
la bamba,0,0,0
orvieto,0,0,0
humble pie,5,1,5.0
napa cabbage,204,53,3.849056603773585
speck friulano,0,0,0
pepata di cozze,0,0,0
prickly pear,0,0,0
prosciutto di parma,0,0,0
gajar matar aloo,0,0,0
soy egg,4,1,4.0
condensed milk,501,114,4.394736842105263
crespelle,0,0,0
shrimp soup,99,24,4.125
rasya muthia,0,0,0
salt and pepper,2010,527,3.81404174573055
trenette,0,0,0
coconut chicken,61,23,2.652173913043478
campi flegrei,0,0,0
pine nuts,33,11,3.0
mooncake,0,0,0
service oriented,13,5,2.6
oca,14116,3975,3.551194968553459
mentuccia,0,0,0
fried fish,308,88,3.5
asian american,44,13,3.3846153846153846
eggplant dip,0,0,0
jalebi,0,0,0
home made chips,0,0,0
prosciutto cotto,0,0,0
koshambri,0,0,0
boreto alla graisana,0,0,0
risotto indivia e fiori di zucca,0,0,0
octopus chickpeas,0,0,0
cherry blossom,51,12,4.25
rosso di montefalco,0,0,0
sunday brunch,149,37,4.027027027027027
mint tea,3,1,3.0
lamb chops,53,15,3.533333333333333
banana chips,0,0,0
crispy kau chee,12,3,4.0
risotto,17,5,3.4
peperonata,0,0,0
huevos rancheros,2,1,2.0
tomato sauce,70,21,3.3333333333333335
kos kootu,0,0,0
big star,0,0,0
gajar halwo,0,0,0
minestra di fagioli,0,0,0
la favorita,0,0,0
the chicken shawarma and,0,0,0
mediterranean cuisine,0,0,0
middle eastern cuisine,0,0,0
mai tai,104,27,3.8518518518518516
ricotta salata,0,0,0
black rice,9,3,3.0
birthday girl,27,8,3.375
southern california,184,52,3.5384615384615383
circus circus,20,6,3.3333333333333335
jeera aloo,0,0,0
fagioli,0,0,0
rice chicken,16,4,4.0
sunga pork,0,0,0
king crab,135,36,3.75
sooji halwa,0,0,0
puri bhaji,0,0,0
new york style pizza,0,0,0
schiopettino,0,0,0
red wine,82,23,3.5652173913043477
olive and anchovy,0,0,0
lemon basil shrimp and pasta,0,0,0
cream pie,17,4,4.25
pita jungle,8,3,2.6666666666666665
casa grande,93,27,3.4444444444444446
calzone,3,1,3.0
chicken,39585,11156,3.548314808174973
pane rustico,0,0,0
maltagliati,0,0,0
khakhra,0,0,0
spring roll,3640,1008,3.611111111111111
bora sawul,0,0,0
tacos al pastor,0,0,0
italian cuisine,0,0,0
tom colicchio,0,0,0
green pepper,319,91,3.5054945054945055
aloo baingan,0,0,0
stella artois,0,0,0
amritsari kulcha,0,0,0
linguine with clam sauce,0,0,0
chicken skewer,150,43,3.488372093023256
meatball,355,105,3.380952380952381
acquadella fritta,0,0,0
half chicken,19,6,3.1666666666666665
cetrioli,0,0,0
alici,14,5,2.8
frou frou,9,2,4.5
fiano di avellino,0,0,0
chorafali,0,0,0
ovada,0,0,0
rosmarino,0,0,0
festoni,0,0,0
brie and apple,0,0,0
potatoes,623,168,3.7083333333333335
crocche,0,0,0
momo,28,6,4.666666666666667
prosciutto e melone,0,0,0
baozi,14,4,3.5
buddha's delight,20,6,3.3333333333333335
masor petu,0,0,0
their garlic sauce,2,1,2.0
figs prosciutto,0,0,0
alloro,0,0,0
cicoria,0,0,0
pressed beef cartilage seasoned with onions,0,0,0
rosetta,8,2,4.0
ricotta,7,2,3.5
cookie dessert,0,0,0
pork chop,1595,417,3.824940047961631
bucatini coi funghi,0,0,0
ilish bhape,0,0,0
ciarduna,0,0,0
flautas,10,3,3.3333333333333335
rosgulla,0,0,0
albana,0,0,0
timo,17,5,3.4
shaobing,5,2,2.5
melted cheese,54,15,3.6
cheese pie,3,1,3.0
ragu alla bolognese,0,0,0
guy fieri,111,39,2.8461538461538463
crotonese,0,0,0
mario batali,0,0,0
half baked,0,0,0
mahi mahi,25,7,3.5714285714285716
ravioli,109,27,4.037037037037037
goat cheese,15,4,3.75
vin santo,0,0,0
strawberry shortcake,4,1,4.0
pf chang,2455,718,3.4192200557103063
fritto misto di pesce,0,0,0
arnold palmer,15,4,3.75
diet coke,146,45,3.2444444444444445
maddur vada,0,0,0
olives pita,0,0,0
triglie alla livornese,0,0,0
pears,393,126,3.119047619047619
bitter melon,164,39,4.205128205128205
flatbread olives,0,0,0
tapenade green,0,0,0
risotto al gorgonzola,0,0,0
beans,3961,1032,3.8381782945736433
gorgonzola,0,0,0
mapo tofu,314,89,3.5280898876404496
keerai kootu,0,0,0
schiacciata,0,0,0
risotto alla sbirraglia,0,0,0
tajine,0,0,0
gila bend,0,0,0
grilled tomato,14,3,4.666666666666667
south asian,12,3,4.0
risotto saltato,0,0,0
mangalore bajji,0,0,0
cacciucco,0,0,0
strip mall,1697,448,3.7879464285714284
fish ball,363,93,3.903225806451613
scuete fumade,0,0,0
fritata di bianchetti,0,0,0
stir frying,3,1,3.0
tacconi,0,0,0
baccala alla vicentina,0,0,0
rice paper,106,32,3.3125
goli bajje,0,0,0
high roller,28,8,3.5
maccheroni,0,0,0
emeril lagasse,3,1,3.0
hurum,0,0,0
rag√π alla bolognese,0,0,0
grechetto,0,0,0
sunga pitha,0,0,0
risotto ai quattro sapori,0,0,0
sun prairie,63,16,3.9375
tortelloni ricotta and spinach,0,0,0
red snapper,61,15,4.066666666666666
eggs benedict,63,15,4.2
prosciutto,0,0,0
warm pita bread,0,0,0
insalata di riso,0,0,0
tortellini,0,0,0
vitello,0,0,0
scampi a zuppetta,0,0,0
brussels sprout,18,5,3.6
dongpo braised pork,0,0,0
doodhpak,0,0,0
ciriola,0,0,0
cheddar cheese,38,12,3.1666666666666665
chinese culture,71,22,3.227272727272727
e fagioli,0,0,0
speck friulano di sauris,0,0,0
carne asada tacos,4,1,4.0
patatas bravas,0,0,0
comfort food,671,174,3.8563218390804597
gelato,55,14,3.9285714285714284
bel paese,0,0,0
nasello al forno,0,0,0
red bean soup,54,13,4.153846153846154
smoked ham,15,4,3.75
classic rock,17,4,4.25
white chocolate,56,14,4.0
olives dish,0,0,0
diners drive ins and dives,16,5,3.2
pinoli,0,0,0
misi roti,0,0,0
green tea,960,250,3.84
mu shu,486,128,3.796875
cas√®cc,0,0,0
lentils,4,1,4.0
valpolicella,0,0,0
dogfish shark,0,0,0
pignolo,0,0,0
klotznnudl,0,0,0
shrimp paste,124,35,3.5428571428571427
ice cream,1808,481,3.758835758835759
pita feta,0,0,0
bell peppers,349,104,3.355769230769231
leche shake,0,0,0
coppia ferrarese,0,0,0
bay area,703,192,3.6614583333333335
rice cake,439,114,3.8508771929824563
speck alto adige,0,0,0
pesce spada arrosto in salmoriglio,0,0,0
corned beef,9,3,3.0
gavi,3,1,3.0
sabzi,0,0,0
hard rock,83,23,3.608695652173913
newport beach,0,0,0
sarde ripiene,0,0,0
bhoonja,0,0,0
rucola,0,0,0
upmaa,0,0,0
mohanthal,0,0,0
lotus root,111,27,4.111111111111111
payokh,0,0,0
tagliatelle,0,0,0
bikaneri bhujia,0,0,0
grignolino,0,0,0
macedonia,0,0,0
loskora,0,0,0
tartufo,0,0,0
fruit with pastry,0,0,0
nervetti,0,0,0
anisette,0,0,0
goulash,4,1,4.0
peter piper,7,2,3.5
panjeeri,0,0,0
growing pains,7,3,2.3333333333333335
pomodori col riso,0,0,0
shangri la,17,4,4.25
marinated eel,0,0,0
lamb shank,2,1,2.0
four cheese pizza,0,0,0
luna rossa,0,0,0
monferrato,0,0,0
cheera doi,0,0,0
pizza delivery,0,0,0
palak paneer,0,0,0
bozza pratese,0,0,0
garganelli,0,0,0
rocket,34,12,2.8333333333333335
sukhdi,0,0,0
arbi masala,0,0,0
gyros,0,0,0
pezzetti di cavallo,0,0,0
sheermal,0,0,0
trofie al pesto,0,0,0
great wall,483,133,3.6315789473684212
pane pugliese,0,0,0
ajo blanco,0,0,0
crocch√®,0,0,0
tiella di riso patate e cozze,0,0,0
spaghetti con la bottarga,0,0,0
abbacchio alla cacciatora,0,0,0
burger truffle,0,0,0
greco di tufo,0,0,0
persian rice,0,0,0
big night,14,4,3.5
fontina,0,0,0
pastiera,0,0,0
macaroni,49,15,3.2666666666666666
rice lamb,0,0,0
pancetta,0,0,0
pollo supremo,0,0,0
great taste,209,50,4.18
food kabobs,0,0,0
pashti,0,0,0
frog legs,195,53,3.6792452830188678
pound cake,1,1,1.0
rice noodle,1769,490,3.610204081632653
koldil duck,0,0,0
patate,0,0,0
kabob rice,0,0,0
squash pasta,0,0,0
rosemary and onion focaccia,0,0,0
scansano,0,0,0
pork and veggies,43,11,3.909090909090909
buridda,0,0,0
salsiccia,0,0,0
broccoli,4772,1370,3.4832116788321166
mamma mia,0,0,0
pickles,75,20,3.75
paruppu sadam,0,0,0
tuna tartare,31,8,3.875
flat bread,39,10,3.9
ragi rotti,0,0,0
swap meet,16,4,4.0
tiramisu,55,15,3.6666666666666665
trebbiano d'abruzzo,0,0,0
pakora,0,0,0
sea scallops,12,3,4.0
vada,130,38,3.4210526315789473
fresh air,59,15,3.933333333333333
hong kong,2550,676,3.772189349112426
duck confit,22,5,4.4
crostui,0,0,0
ragusano,0,0,0
namakpara,0,0,0
bombil fry,0,0,0
sarva pindi,0,0,0
kheer,0,0,0
tuna,3871,1230,3.1471544715447153
marsala,0,0,0
kati roll,0,0,0
baba ghanouj,0,0,0
vino nobile di montepulciano,0,0,0
graham cracker,8,2,4.0
kulfi falooda,0,0,0
peperoni imbottiti,0,0,0
baba ghanoush,0,0,0
small fruits,0,0,0
methi na gota,0,0,0
san francisco,947,256,3.69921875
jasmine rice,122,35,3.4857142857142858
mixed drink,62,18,3.4444444444444446
spiedini di anguilla,0,0,0
navrattan korma,0,0,0
hot sauce,573,178,3.2191011235955056
paneer tikka masala,0,0,0
carne al piatto,0,0,0
coq au vin,0,0,0
pani pitha,0,0,0
small salad,49,13,3.769230769230769
gyro fries,0,0,0
maasor tenga,0,0,0
sangiovese,0,0,0
house made mozzarella,0,0,0
zucchine,0,0,0
pooran-poli,0,0,0
jolada rotti,0,0,0
filatieddi,0,0,0
soft serve,102,35,2.914285714285714
olive tree,0,0,0
lemon juice,23,6,3.8333333333333335
bell pepper,565,169,3.3431952662721893
vada pav,0,0,0
salt,8338,2478,3.3648103309120256
brown sauce,601,179,3.357541899441341
double check,76,29,2.6206896551724137
casiello,0,0,0
pane toscano,0,0,0
arugula,26,7,3.7142857142857144
lake mead,31,10,3.1
free range,19,4,4.75
crostoli, crostui,0,0,0
latterino fritto,0,0,0
gazpacho,16,6,2.6666666666666665
spinach,688,181,3.8011049723756907
blind pig,0,0,0
junk food,17,5,3.4
celebrity chef,35,11,3.1818181818181817
sev tameta,0,0,0
sanna,0,0,0
squash ravioli,0,0,0
batata vada,0,0,0
cut mirchi bajji,0,0,0
egg roll,6739,1959,3.4400204185809087
chef boyardee,2,1,2.0
bloody mary,41,11,3.727272727272727
blood orange,38,12,3.1666666666666665
skee ball,0,0,0
uppittu,0,0,0
focaccia al rosmarino,0,0,0
risotto mushroom,0,0,0
giuncata,0,0,0
panino,3,1,3.0
minestra di pasta con pesce,0,0,0
kanji,1,1,1.0
frutti di bosco,0,0,0
pizza capricciosa,0,0,0
chili powder,32,8,4.0
ghari,5,1,5.0
deep dish,0,0,0
tom yum,632,162,3.9012345679012346
stoccafisso alla ligure,0,0,0
short rib tacos,5,1,5.0
red peppers,147,40,3.675
bread onion,0,0,0
gorgonzola pizza,0,0,0
foie gras,183,44,4.159090909090909
clay pots,58,14,4.142857142857143
with black bean sauce,378,98,3.857142857142857
creme brulee,102,27,3.7777777777777777
dhebra,0,0,0
wonton,6794,1890,3.5947089947089945
lazy sunday,32,9,3.5555555555555554
el pollo loco,3,2,1.5
alu pitika,0,0,0
pork belly,1613,402,4.012437810945274
baked potato,31,11,2.8181818181818183
egg white,143,42,3.4047619047619047
sausage ricotta,0,0,0
sakinalu,0,0,0
zucchini,248,72,3.4444444444444446
polpettine di mare,0,0,0
trotte,8,2,4.0
without salt,0,0,0
lo mein,2744,790,3.473417721518987
sour cream,39,10,3.9
glutinous rice,69,21,3.2857142857142856
egg yolk,26,8,3.25
white mushrooms,12,3,4.0
passion fruit,126,30,4.2
photo booth,0,0,0
gordon ramsay,20,8,2.5
stuffed pizza,0,0,0
chicken tikka,0,0,0
pici,1261,338,3.730769230769231
nocce,0,0,0
alici sardine anguilla marinate,0,0,0
cannelloni al ragu,0,0,0
coffee bean,0,0,0
pollo asada,0,0,0
phulka,0,0,0
squid octopus,0,0,0
kansar,0,0,0
sbroscia bolsenese,0,0,0
ada,1087,328,3.3140243902439024
chips and salsa,166,55,3.018181818181818
chapati,0,0,0
cappon magro,0,0,0
gobhi matar,0,0,0
vegetable biryani,0,0,0
hockey puck,57,18,3.1666666666666665
florentine beefsteak,0,0,0
bachelor party,40,12,3.3333333333333335
red bull,10,2,5.0
pongal,0,0,0
custoza,0,0,0
chocolate mousse,98,25,3.92
lamb tender,20,4,5.0
amti,0,0,0
snow fungus soup,0,0,0
sutarfeni,0,0,0
mishti doi,0,0,0
chinese sausage,218,54,4.037037037037037
camaron,26,9,2.888888888888889
donna fugata,0,0,0
white pepper,72,20,3.6
rush hour,76,21,3.619047619047619
beer bar,0,0,0
soft drinks,125,37,3.3783783783783785
sopa,5,1,5.0
bagna c√†uda,0,0,0
pohe,0,0,0
carnitas bowl,0,0,0
chorizo,110,30,3.6666666666666665
linguini with clam sauce,0,0,0
pinzillacchere,0,0,0
gajar ka halwa,0,0,0
sea bass,1524,373,4.085790884718499
rumali roti,0,0,0
flat breads,0,0,0
mole sauce,31,11,2.8181818181818183
refried beans,227,61,3.721311475409836
fennel,22,5,4.4
cream pistachios,0,0,0
fast casual,52,16,3.25
olio e peperoncino,0,0,0
aceto dolce,0,0,0
artichokes and anchovy pizza,0,0,0
vanilla ice,85,20,4.25
laddu,0,0,0
bengena pitika,0,0,0
parsley,37,11,3.3636363636363638
kalathappam,0,0,0
aceto balsamico,0,0,0
makki di roti,0,0,0
vermicelli,641,170,3.7705882352941176
elba,107,33,3.242424242424242
pizza alla napoletana,0,0,0
baccal√† fritto,0,0,0
crocetta of caltanissetta,0,0,0
cozze fritte alla viareggina,0,0,0
dal fry with tadka,0,0,0
royal beef,0,0,0
sachima,0,0,0
marrubini,0,0,0
limone,0,0,0
grilled halloumi,0,0,0
octopus squid,0,0,0
colli apuani,0,0,0
acquacotta,0,0,0
englishs olives,0,0,0
khorisa,0,0,0
tripe,632,176,3.590909090909091
dessert chocolate,0,0,0
beef tenderloin,183,45,4.066666666666666
crispy kau,34,8,4.25
tonnarelli,0,0,0
panzanella,0,0,0
the stir fry,185,49,3.7755102040816326
hot n sour soup,171,45,3.8
hot and sour soup,2918,825,3.536969696969697
avial,0,0,0
standard chinese,368,110,3.3454545454545452
ceci,0,0,0
cavolfiore,0,0,0
mushrooms,2247,612,3.6715686274509802
green salad,44,12,3.6666666666666665
house music,36,9,4.0
fried egg,406,110,3.690909090909091
finocchio,0,0,0
blue cheese,22,5,4.4
the beef rice,30,10,3.0
youtiao,19,5,3.8
food allergies,109,30,3.6333333333333333
stained glass,11,4,2.75
chianti,0,0,0
veg kolhapuri,0,0,0
amarone,30,10,3.0
wedding cake,3,1,3.0
bouillabaisse,0,0,0
rajma chaval,0,0,0
self service,34,9,3.7777777777777777
feta salad,0,0,0
tagliatelle al sugo di lepre,0,0,0
lukhmi,0,0,0
small tacos,7,4,1.75
butirro,0,0,0
fiore sardo,0,0,0
squacquerone,0,0,0
pizza funghi e salsiccia,0,0,0
enchiladas,29,10,2.9
keerai masiyal,0,0,0
lauki ki subji,0,0,0
strucchi or struki,0,0,0
spaghetti alla puttanesca,0,0,0
key lime pie,22,5,4.4
chile,1062,282,3.765957446808511
india gate,0,0,0
home fries,4,1,4.0
roti canai,242,57,4.245614035087719
mozzarelline fritte,0,0,0
mixed vegetable,164,50,3.28
fasolada,0,0,0
frutti,3,1,3.0
downtown phoenix,85,27,3.1481481481481484
spaghetti indiavolati,0,0,0
biryani,3,1,3.0
powdered sugar,80,18,4.444444444444445
potato chip,23,8,2.875
penia,0,0,0
aloo baingan masala,0,0,0
puttu,0,0,0
crostoli,0,0,0
pizzoccheri,0,0,0
wrap parsley,0,0,0
muthiya,0,0,0
beef lula,0,0,0
cotechino modena,0,0,0
khaman,0,0,0
oolong tea,93,22,4.2272727272727275
gianduiotto and gianduia,0,0,0
dried,956,310,3.0838709677419356
chop suey,306,88,3.477272727272727
naked city,0,0,0
middle east,6,2,3.0
hari mutter ka nimona,0,0,0
spiedini ai frutti di mare,0,0,0
utappam,0,0,0
trippa alla romana,0,0,0
sabudana vada,0,0,0
fried chicken,1418,406,3.4926108374384235
mascarpone,7,2,3.5
bigoli,0,0,0
swordfish,4,1,4.0
cauliflower,30,8,3.75
cartoccio di pesce spada,0,0,0
orzo,0,0,0
porcini mushrooms,4,1,4.0
osso buco,0,0,0
pizza oregano and garlic,0,0,0
pecorino di fossa,0,0,0
los angeles,462,124,3.725806451612903
miele,0,0,0
march madness,3,1,3.0
rice pudding,23,6,3.8333333333333335
zhajiangmian,0,0,0
sajjige,0,0,0
chicken razala,0,0,0
aloo gobi,0,0,0
khandvi,0,0,0
stir fry,1007,280,3.5964285714285715
pizzelle,0,0,0
gulab jamun,0,0,0
kadai paneer,0,0,0
chakri,0,0,0
tap water,82,29,2.8275862068965516
seppie,0,0,0
jade chicken,524,134,3.91044776119403
aam papad,0,0,0
lobster,2307,624,3.6971153846153846
tomato and mozzarella pizza,0,0,0
sardinian pasta,0,0,0
scampi gratinati,0,0,0
canadian bacon,15,4,3.75
salsiccia cruda,0,0,0
chickpeas,5,1,5.0
tater tots,4,1,4.0
a type of huge ravioli,0,0,0
sarde arraganate,0,0,0
valet parking,11,3,3.6666666666666665
black beans,1023,255,4.011764705882353
shrimp,16946,4715,3.5940615058324497
ginestrata,0,0,0
oyster sauce,578,162,3.567901234567901
torta bertolina,0,0,0
chicken tikka masala,0,0,0
carciofi alla romana,0,0,0
fettuccine,27,7,3.857142857142857
dipping sauce,1279,336,3.806547619047619
bhindi masala,0,0,0
peanut butter,174,51,3.411764705882353
baati,0,0,0
minestrone,0,0,0
pepperoni,24,7,3.4285714285714284
chocolate chip,82,20,4.1
sushi samba,783,194,4.036082474226804
sweet soy,130,36,3.611111111111111
ligurian pesto,0,0,0
saving grace,104,51,2.0392156862745097
hummus falafel,0,0,0
burger fries,0,0,0
pinot noir,14,4,3.5
daal puri,0,0,0
enchiladas and tacos,0,0,0
fries gyro,0,0,0
boba milk,64,18,3.5555555555555554
origano,0,0,0
ramatori subji,0,0,0
butternut tortellini,0,0,0
pimenton sauce,0,0,0
chicken soup,212,65,3.2615384615384615
flatbread prosciutto,0,0,0
pollo asado,0,0,0
tikka masala,0,0,0
monte carlo,147,50,2.94
christmas eve,77,27,2.8518518518518516
borlotti beans,0,0,0
duck soup,74,22,3.3636363636363638
pizza ai funghi e salsiccia,0,0,0
italian beef,0,0,0
mushroom risotto,0,0,0
cjarsons,0,0,0
farinata,0,0,0
butter chicken,13,3,4.333333333333333
obbattu,0,0,0
farfalle,0,0,0
pecorino sardo,0,0,0
business casual,4,1,4.0
stuffed grape,0,0,0
risi e bisi,0,0,0
pizza marinara,0,0,0
olive oil,4,1,4.0
roti,1064,260,4.092307692307692
neapolitan pizza,0,0,0
sassella,0,0,0
fast food,2211,652,3.3911042944785277
falafel sandwich,0,0,0
gud papdi,0,0,0
capesante alla veneziana,0,0,0
koshimbir,0,0,0
apache junction,38,8,4.75
deep fried fish,22,5,4.4
bab√,0,0,0
dhup pitha,0,0,0
cotoletta alla petroniana,0,0,0
fish sauce,280,88,3.1818181818181817
pastor,75,21,3.5714285714285716
brodo,0,0,0
frittura mista di pesce,0,0,0
valdinievole,0,0,0
shrimp saganaki,0,0,0
goose,85,23,3.6956521739130435
taco bell,141,56,2.517857142857143
chicken wings,1431,386,3.7072538860103625
los olivos,0,0,0
mount everest,0,0,0
daal baati churma,0,0,0
seafood,5041,1404,3.5904558404558404
rocchetta,0,0,0
feta cheese,0,0,0
kharoli,0,0,0
pesaha appam,0,0,0
congee,818,224,3.6517857142857144
white rice,1883,581,3.2409638554216866
taurasi,0,0,0
cake boss,0,0,0
skirt steak,31,8,3.875
asian cuisine,890,238,3.7394957983193278
flattened rice,0,0,0
salami,7,2,3.5
franciacorta,0,0,0
crostata,0,0,0
fra diavolo,0,0,0
sloppy joe,0,0,0
maccu,0,0,0
spaghetti,184,65,2.830769230769231
breads olive,0,0,0
fish fry,8,2,4.0
pita falafel,0,0,0
couscous,3,1,3.0
colline lucchesi,0,0,0
filet mignon,250,62,4.032258064516129
risotto con scamorza e champagne,0,0,0
kothamali sadam,0,0,0
small garden fruits,0,0,0
moscardini lessati alla genovese,0,0,0
cold pizza,0,0,0
sauerkraut,4,1,4.0
idiappam,0,0,0
anguilla marinate,0,0,0
lumache,0,0,0
tomato grilled,0,0,0
panna cotta,32,7,4.571428571428571
patra,8,2,4.0
risotto al barolo,0,0,0
pizzette e salatini,0,0,0
dried shrimp,90,23,3.9130434782608696
squid chickpeas,0,0,0
mascarpone guanciale mashed potatoes,0,0,0
sweet and sour sauce,725,222,3.265765765765766
green onion,1443,398,3.6256281407035176
cannolo siciliano,0,0,0
risotto alla zucca,0,0,0
guotie,4,1,4.0
bridal shower,6,2,3.0
tonno,0,0,0
game hen,9,2,4.5
the mongolian beef and the,62,17,3.6470588235294117
san gabriel valley,120,35,3.4285714285714284
carne asada,31,8,3.875
seppie col nero alla veneziana,0,0,0
orate al forno,0,0,0
caprino,0,0,0
south indian,4,1,4.0
chicken breasts,22,6,3.6666666666666665
lauki ke kofte,0,0,0
aloo tikki,0,0,0
brodetto di arselle,0,0,0
asparagus,434,112,3.875
farro,0,0,0
kosambari,0,0,0
neccio,0,0,0
tomatoes and onions,4,1,4.0
thai chinese,2,1,2.0
thayir sadam,0,0,0
pork loin,18,5,3.6
cream based,0,0,0
bharwaan tinde,0,0,0
cucumber yogurt,0,0,0
carignano,0,0,0
white trash,6,2,3.0
black bean,2435,631,3.8589540412044374
mac n' cheese,0,0,0
cotechino friulano or mus√®t,0,0,0
chocolate glaze,15,4,3.75
panelle di ceci,0,0,0
zabaglione,0,0,0
pork chops,918,235,3.9063829787234043
bonarda,0,0,0
bhajji,0,0,0
tapenade olives,0,0,0
trottole,0,0,0
locha,0,0,0
olives,25,9,2.7777777777777777
bread pudding,9,3,3.0
prime rib,178,54,3.2962962962962963
cotechino friulano,0,0,0
yogurt cucumber,0,0,0
twice cooked pork,189,47,4.0212765957446805
air conditioning,67,22,3.0454545454545454
poached egg,47,12,3.9166666666666665
garmugia,0,0,0
robiola,0,0,0
mosaranna,0,0,0
laddoo,0,0,0
spaghetti all aglio olio e peperoncino,0,0,0
kung pao chicken,2325,652,3.565950920245399
pista petha,0,0,0
zuppa inglese,0,0,0
bucatini alla sorrentina,0,0,0
pignolata,0,0,0
monterey park,142,38,3.736842105263158
pesce al cartoccio,0,0,0
palappam,0,0,0
burrini,0,0,0
kabob ground,0,0,0
masor koni,0,0,0
crescentina,0,0,0
raschera,0,0,0
grana padano,0,0,0
panforte,0,0,0
piccoli frutti,0,0,0
vindaloo,13,4,3.25
greek salad,0,0,0
pesarattu,0,0,0
dim sim,23,7,3.2857142857142856
til pitha,0,0,0
bhatura,0,0,0
hash browns,87,25,3.48
pootharekulu,0,0,0
pork chop rice,103,28,3.6785714285714284
main course,741,212,3.4952830188679247
spanish rice,21,6,3.5
swiss chard,0,0,0
the chicken skewer,42,12,3.5
rice kabob,0,0,0
yelumincham sadam,0,0,0
sammy hagar,1,1,1.0
sweet pethas,0,0,0
spaghetti siracusani,0,0,0
crescenza,0,0,0
riso con i porcini,0,0,0
moussaka,0,0,0
tiella di riso,0,0,0
cuttlefish,26,7,3.7142857142857144
pitha,0,0,0
fruit salad,58,14,4.142857142857143
prosciutto and melon,0,0,0
halvasan,0,0,0
rogan josh,0,0,0
san daniele ham,0,0,0
agrodolce,0,0,0
watermelon panzanella,0,0,0
sattu ki roti,0,0,0
bavette,0,0,0
guanciale,4,1,4.0
stracciatella,0,0,0
rava dosa,0,0,0
chole bhature,0,0,0
spare ribs,729,203,3.5911330049261085
poornalu,0,0,0
mt everest,0,0,0
speck alto adige pgi,0,0,0
namak para,0,0,0
butter basil,0,0,0
cacioricotta,0,0,0
in n out,16,5,3.2
branzino al sale,0,0,0
mexican cuisine,68,19,3.5789473684210527
green onions,664,182,3.6483516483516483
ciceri e tria,0,0,0
spinach pie,0,0,0
soy sauce,2182,714,3.0560224089635852
sweet corn,51,14,3.642857142857143
shahi tukra,0,0,0
stelline,0,0,0
chaulai saab,0,0,0
dumplings,6189,1703,3.6341749853200236
ginger beef,46,12,3.8333333333333335
mary sue,0,0,0
phirni,0,0,0
prawn malai curry,0,0,0
mushroom,3469,945,3.670899470899471
cooked ham,0,0,0
food truck,186,45,4.133333333333334
shukto,0,0,0
lambrusco,0,0,0
polenta,4,1,4.0
alain ducasse,0,0,0
tin foil,10,3,3.3333333333333335
gold coast,463,128,3.6171875
papadum,0,0,0
squid,1136,300,3.7866666666666666
mashed potatoes,118,33,3.5757575757575757
butternut ravioli,0,0,0
wonton noodle,749,220,3.4045454545454548
aloo methi,0,0,0
sausages including salsiccia cruda,0,0,0
bhaji,0,0,0
trote,0,0,0
jersey shore,0,0,0
ou tenga maas,0,0,0
italian american,0,0,0
valcalepio,0,0,0
penne all'arrabbiata,0,0,0
riso al nero di seppia,0,0,0
chili pepper,352,95,3.705263157894737
riso alla toscana,0,0,0
sformato di riso dolce,0,0,0
barbera,0,0,0
the ground beef,0,0,0
pizza mozzarella and anchovy,0,0,0
great white,8,2,4.0
del taco,14,7,2.0
el segundo,0,0,0
moong dal ka halwa,0,0,0
molecular gastronomy,3,1,3.0
handwo,0,0,0
prosecco,9,2,4.5
lo mien,208,63,3.3015873015873014
risotto con agoni,0,0,0
capperi,0,0,0
ramandolo,0,0,0
taco has,7,2,3.5
acciughe in carpione,0,0,0
orange county,106,33,3.212121212121212
bucatini all amatriciana,0,0,0
hummus,0,0,0
sugar cane,78,21,3.7142857142857144
tagliatelle al ragu,0,0,0
pesce alla pizzaiola,0,0,0
beans and rice,52,13,4.0
cash register,139,48,2.8958333333333335
taleggio,0,0,0
wonton soup,2480,690,3.5942028985507246
tabouli,0,0,0
seppie ripiene,0,0,0
cantonese cuisine,127,29,4.379310344827586
dandan noodles,42,12,3.5
barg koobideh,0,0,0
onion rings,82,27,3.037037037037037
ribolla gialla,0,0,0
capperi and anchovy,0,0,0
ginger ale,13,5,2.6
gnocchi di semolino,0,0,0
langhe,0,0,0
a greek salad,0,0,0
pea mezzaluna,0,0,0
prosciutto di san daniele,0,0,0
gay bar,0,0,0
ciccillo,0,0,0
shakarpara,0,0,0
lamb rice,4,1,4.0
fine dining restaurant,48,13,3.6923076923076925
ribeye,217,51,4.254901960784314
lagana,0,0,0
brown butter,5,1,5.0
gutturnio,0,0,0
golden nugget,32,9,3.5555555555555554
verdure in pinzimonio,0,0,0
key lime,69,17,4.0588235294117645
porcaloca,0,0,0
gur,2074,674,3.077151335311573
piadina,0,0,0
tabor,0,0,0
maria maria,0,0,0
tommy bahama,0,0,0
bone in ribeye,5,1,5.0
bread crumbs,12,3,4.0
marzotica,0,0,0
tagliatelle alla boscaiola,0,0,0
preserved in vinegar or,0,0,0
verduzzo friulano,0,0,0
jiaozi,11,4,2.75
kadhi pakoda,0,0,0
eggplants,64,16,4.0
red onion,107,27,3.962962962962963
monte cristo,0,0,0
steak and chicken,8,2,4.0
naan,26,7,3.7142857142857144
ciabatta,4,1,4.0
hazelnut chocolates or spread,0,0,0
caesar salad,22,6,3.6666666666666665
acciughe,0,0,0
asparagi bianchi e verdi asparagus,0,0,0
desert inn,30,7,4.285714285714286
tomato soup,14,4,3.5
seppie con i piselli,0,0,0
pablo picasso,0,0,0
pignoletto,0,0,0
taftan,0,0,0
identity crisis,45,14,3.2142857142857144
lazio,0,0,0
salvia,0,0,0
stuffed calamari in tomato sauce,0,0,0
the fried rice and the,50,13,3.8461538461538463
spaghetti alla carbonara,0,0,0
italian wine,0,0,0
steak medium,7,3,2.3333333333333335
short rib,740,187,3.9572192513368982
pappardelle,5,1,5.0
turkish coffee,0,0,0
parotta,0,0,0
fried rice,15140,4290,3.5291375291375293
chicken fried,1425,394,3.616751269035533
pasta butternut,0,0,0
halwakadoo,0,0,0
po boy,0,0,0
san francisco bay,76,22,3.4545454545454546
scamorza,0,0,0
noodle soup,4427,1227,3.6079869600651997
bucatini coi fungh,0,0,0
hulatang,0,0,0
sambar,0,0,0
thalipeeth,0,0,0
sea urchin,4,1,4.0
conegliano veneto,0,0,0
hot dogs,34,12,2.8333333333333335
uttapam,0,0,0
stoccafisso alla genovese,0,0,0
pane casareccio,0,0,0
radicchio,0,0,0
language barrier,358,111,3.225225225225225
sagrantino,0,0,0
spaghetti alla carrettiera,0,0,0
anarsa,0,0,0
carrot cake,64,16,4.0
lasagna,30,8,3.75
tortilla chips,22,6,3.6666666666666665
dahi vada,0,0,0
colli euganei,0,0,0
menta,1310,347,3.7752161383285303
riso valdostano,0,0,0
sparkling wine,0,0,0
magaj,0,0,0
penda,86,24,3.5833333333333335
green beans,1396,366,3.814207650273224
pita hummus,0,0,0
rice and peas,0,0,0
masala dosa,0,0,0
paradise valley,6,2,3.0
chicken shawerma,0,0,0
jhal-mu?i,0,0,0
pizza pugliese,0,0,0
pesce spada alla siciliana,0,0,0
roast beef,41,11,3.727272727272727
saganaki,0,0,0
quartirolo,0,0,0
cilantro jalape,0,0,0
fortune cookie,1002,316,3.170886075949367
food poisoning,178,121,1.4710743801652892
gyro meat,0,0,0
carne pizzaiola,0,0,0
orecchiette,0,0,0
love happy,16,4,4.0
calamari ripieni,0,0,0
sarde sfiziose panate,0,0,0
sicilian snail soup,0,0,0
sevai lunch,0,0,0
parrina,0,0,0
fast food chain,28,9,3.111111111111111
art deco,7,2,3.5
cannelloni al rag√π,0,0,0
greek food,3,1,3.0
pizza ai frutti di mare,0,0,0
mongolian beef,4295,1176,3.6522108843537415
soonvali,0,0,0
halo halo,4,1,4.0
sage,885,251,3.5258964143426295
arancini,0,0,0
hando guri,0,0,0
olive spreads,0,0,0
ed hardy,0,0,0
provolone,25,6,4.166666666666667
low carb,48,11,4.363636363636363
hainanese chicken rice,53,15,3.533333333333333
cong you bing,18,6,3.0
middle eastern,5,1,5.0
shark fin,244,73,3.3424657534246576
malapua,0,0,0
tortiera di cozze,0,0,0
indian omelette,0,0,0
ariselu,0,0,0
sevai,0,0,0
carne asada taco's,0,0,0
finger food,21,5,4.2
hot dog,102,38,2.6842105263157894
bistecca alla fiorentina,0,0,0
pita fries,0,0,0
orange chicken,6060,1691,3.58367829686576
pumpkin cake,0,0,0
dahi puri,0,0,0
asida,0,0,0
spiedini di alici,0,0,0
grine sauce,0,0,0
crostini,0,0,0
riso e indivia,0,0,0
taralli,0,0,0
koldil chicken,0,0,0
filetti di baccala,0,0,0
bolognese sauce,5,1,5.0
sardine,31,9,3.4444444444444446
pere,321,90,3.566666666666667
kool aid,3,1,3.0
credit cards,213,65,3.276923076923077
french toast,53,16,3.3125
spaghetti aglio olio e peperoncino,0,0,0
mandalay bay,224,82,2.731707317073171
nocciolini di canzo,0,0,0
chicken shwarma,0,0,0
grilled lamb,19,4,4.75
chingri bhape,0,0,0
ficattola,0,0,0
ciabusco,0,0,0
pesce a scabecciu,0,0,0
mek bqad,0,0,0
san gimignano,0,0,0
chicken garlic,5,1,5.0
valdobbiadene,0,0,0
sausages,31,9,3.4444444444444446
gyro,0,0,0
jerk fried rice and black,41,10,4.1
chinese buffet,1632,488,3.3442622950819674
spanakopita,0,0,0
bottled water,41,15,2.7333333333333334
kinnathappam,0,0,0
sfogliatelle,0,0,0
steak,2199,623,3.5296950240770464
gnocchi,4,1,4.0
banana tiramisu,0,0,0
sea salt,127,30,4.233333333333333
dal bhatti,0,0,0
olive garden,45,16,2.8125
queen creek,94,22,4.2727272727272725
ghooghra,0,0,0
presnitz,0,0,0
sichuan hotpot,0,0,0
bacon,568,154,3.688311688311688
beef carpaccio,35,8,4.375
pinni,38,10,3.8
waiting staff,32,10,3.2
saltimbocca alla romana,0,0,0
colomba pasquale,0,0,0
die hard,14,5,2.8
cookie,2549,719,3.545201668984701
gluten free pizza,0,0,0
rock hard,37,15,2.466666666666667
kanafeh,0,0,0
rice,54973,15613,3.5209761096522127
salame,0,0,0
el hefe,0,0,0
prosciutto figs,0,0,0
shrimp lentil,0,0,0
wine cooler,3,1,3.0
cocoa powder,0,0,0
steamed rice,828,258,3.2093023255813953
salisbury steak,8,2,4.0
tortilla soup,0,0,0
puffed rice,16,4,4.0
chicken shawarma,0,0,0
pecorino romano,0,0,0
tea egg,20,5,4.0
fountain hills,103,27,3.814814814814815
impanata di pesce spada,0,0,0
bone marrow,114,27,4.222222222222222
haq maas,0,0,0
bobo brazil,199,47,4.23404255319149
laapsi,0,0,0
chakodi,0,0,0
enchilada,41,14,2.9285714285714284
beach house,0,0,0
hip hop,16,5,3.2
aglianico del taburno,0,0,0
rice salad,0,0,0
kachori,0,0,0
pecorino friulano,0,0,0
tiramisu banana,0,0,0
las vegas strip,154,42,3.6666666666666665
peda,3,2,1.5
octopus,193,55,3.5090909090909093
risotto alla milanese or risotto with saffron,0,0,0
marinara sauce,3,1,3.0
nuts,2244,643,3.489891135303266
mozzarella,57,14,4.071428571428571
angel wings,3,1,3.0
veal,55,20,2.75
ghebar or ghevar,0,0,0
hoisin sauce,336,93,3.6129032258064515
food chain,73,23,3.1739130434782608
punch card,29,8,3.625
capers,5,1,5.0
kuzhambu,0,0,0
artichokes,0,0,0
rosemary,5,2,2.5
salad dressing,90,24,3.75
potato salad,13,3,4.333333333333333
shrikhand,0,0,0
star anise,98,26,3.769230769230769
masor tenga,0,0,0
burrata,0,0,0
semifreddo,0,0,0
muri naaru,0,0,0
ragu alla salsiccia,0,0,0
with or without tomato.,0,0,0
sohan papdi,0,0,0
kombdi vade,0,0,0
thai cuisine,81,18,4.5
chicken fajitas,8,2,4.0
frank sinatra,10,2,5.0
rag√π alla salsiccia,0,0,0
ricotta sausage,0,0,0
chicken kabob,3,1,3.0
peas,1079,315,3.425396825396825
cotoletta alla milanese,0,0,0
the dimsum,125,35,3.5714285714285716
garlic sauce,1151,305,3.773770491803279
amriti with rabdi,0,0,0
formai de mut dell'alta valle brembana,0,0,0
crauti,0,0,0
veggie burger,1,1,1.0
shahi paneer,0,0,0
barfi,1,1,1.0
cream dessert,14,4,3.5
monday night,155,49,3.163265306122449
palak daal,0,0,0
mele,320,98,3.2653061224489797
crauti sauerkraut,0,0,0
bag of tortilla chips,0,0,0
keri no ras,0,0,0
pizza express,0,0,0
black and green olives,0,0,0
montescudaio,0,0,0
cozze ripiene,0,0,0
ghugni,0,0,0
lai haq maas,0,0,0
lactose intolerant,15,3,5.0
standard italian,0,0,0
black pepper,794,213,3.727699530516432
french fries,152,47,3.234042553191489
gulash,0,0,0
singhada halwa,0,0,0
bitto,0,0,0
tagliatelle al rag√π,0,0,0
chhenapoda,0,0,0
cuban sandwich,0,0,0
pizza,818,257,3.1828793774319064
flip flops,8,2,4.0
conchiglie,0,0,0
casatiello,0,0,0
hand made corn tortillas,0,0,0
ciabusco ciabusco,0,0,0
beef broccoli,237,69,3.4347826086956523
murukku,0,0,0
cave creek,31,8,3.875
olive bread,0,0,0
bruschetta,5,1,5.0
putizza and pinza,0,0,0
won ton,2054,592,3.4695945945945947
yui shan,41,10,4.1
caponata,0,0,0
shrimp enchiladas,0,0,0
boreto,0,0,0
chicken pasta,0,0,0
carne,48,14,3.4285714285714284
chick peas,3,1,3.0
cantonese restaurant,100,25,4.0
bra,3958,1073,3.6887232059645854
credit card,631,229,2.7554585152838427
mexican street tacos,3,1,3.0
duck sauce,235,66,3.5606060606060606
flatbread pizza,0,0,0
lasagne,5,1,5.0
val di chiana,0,0,0
bean curd,548,152,3.6052631578947367
chinese american,128,35,3.657142857142857
triple sec,0,0,0
sous vide,0,0,0
white wine,68,18,3.7777777777777777
soft drink,193,58,3.3275862068965516
apples,118,34,3.4705882352941178
braised pork,212,57,3.719298245614035
orata arrosto,0,0,0
risotto alla milanese,0,0,0
octopus grilled,0,0,0
cheesecake factory,45,17,2.6470588235294117
amuse bouche,10,2,5.0
agnolotti,0,0,0
chinese noodles,94,25,3.76
pale ale,5,1,5.0
cottage cheese,21,5,4.2
golden raisins,0,0,0
bari,28,8,3.5
grissini torinesi,0,0,0
pandoro,0,0,0
zuppa di pesce,0,0,0
sogliole alla mugnaia,0,0,0
offelle,0,0,0
chana masala,0,0,0
olives entrees,0,0,0
panettone,0,0,0
chocolate cake,203,52,3.9038461538461537
united states,34,12,2.8333333333333335
inferno,33,9,3.6666666666666665
wild rice,4,1,4.0
parma ham,0,0,0
squash tortelli,0,0,0
sesame oil,185,54,3.425925925925926
frida kahlo,25,7,3.5714285714285716
burrito,788,206,3.825242718446602
americanized chinese food,600,173,3.468208092485549
pork blood,67,17,3.9411764705882355
pestat,0,0,0
ciaccino,0,0,0
cholafali,0,0,0
belly dancing,0,0,0
dim sum,8329,2389,3.486395981582252
cozze alla tarantina,0,0,0
tex mex,0,0,0
sweet and sour pork,932,262,3.5572519083969465
mexican american,3,1,3.0
tigella,0,0,0
ditalini,0,0,0
yui shan chicken,12,3,4.0
meat,11651,3362,3.465496728138013
cotton candy,31,7,4.428571428571429
stuffed food,0,0,0
belly dancer,0,0,0
acqui,151,40,3.775
nero d'avola,0,0,0
baingan bharta,0,0,0
frozen food,37,19,1.9473684210526316
chicago style pizza,0,0,0
pepper steak,349,96,3.6354166666666665
almond chicken,189,56,3.375
root beer,22,5,4.4
panzarotti,0,0,0
pitigliano,0,0,0
trippa,0,0,0
rigatoni con la pajata,0,0,0
family owned business,48,12,4.0
iceberg lettuce,66,25,2.64
liptauer,0,0,0
movie theater,27,7,3.857142857142857
ricotta ravioli,0,0,0
bok choy,946,256,3.6953125
century egg,59,16,3.6875
fig flatbread,0,0,0
granita,10,2,5.0
pasta e fagioli,0,0,0
scallops risotto,0,0,0
kofta,0,0,0
steak florentine,0,0,0
colli tortonesi,0,0,0
mahi mahi fish,0,0,0
persian stew,0,0,0
filetti di orata al cartoccio,0,0,0
kali dal,0,0,0
aloo shimla mirch,0,0,0
daal dhokli,0,0,0
boscaiola,0,0,0
shrimp fra diavolo,0,0,0
red pepper,279,85,3.2823529411764705
chevdo,0,0,0
salsa,450,138,3.260869565217391
soave,0,0,0
totano imbottito,0,0,0
fonduta,0,0,0
falafel wrap,0,0,0
mushrooms pizza,0,0,0
prosciutto flatbread,0,0,0
manda pitha,0,0,0
soup tomato,0,0,0
pansotti,0,0,0
aglio,0,0,0
mushrooms and sausages,0,0,0
stir fried,848,229,3.703056768558952
pani tenga,0,0,0
neo tokyo,160,37,4.324324324324325
lula shish,0,0,0
and grape juice[9],0,0,0
sauce tzatziki,0,0,0
pansotti alla genovese,0,0,0
dessert wine,0,0,0
murgh musallam,0,0,0
pasta,248,74,3.3513513513513513
pollo alla cacciatora,0,0,0
hot plate,51,16,3.1875
carpaccio di pesce,0,0,0
cured pork jowl,0,0,0
dress code,9,3,3.0
modak,0,0,0
idli,13,4,3.25
the refried beans,33,12,2.75
lonza,0,0,0
sports game,5,1,5.0
pantua,0,0,0
yogurt dip,5,1,5.0
sweet pea,19,5,3.8
new york style chinese,102,32,3.1875
irish bar,0,0,0
chicken fried steak,9,2,4.5
bistecca fiorentina,0,0,0
tonno sottolio,0,0,0
dhokla,0,0,0
litti,99,29,3.413793103448276
murazzano,0,0,0
peperoncino,0,0,0
demi glace,0,0,0
